tech_clean,tech_clean_sep
15minute cities,15 minute cities
1987 aviation technology,1987 aviation technology
3d display,3d display
3d film,3d film
3d modeling,3d modeling
3d models,3d models
3d printing,3d printing
3d recreation,3d recreation
3dprinted guns,3d printed guns
3dprinted pods,3d printed pods
3drendering software,3d rendering software
4g devices,4g devices
4k tv,4k tv
5g,5g
5g cellular,5g cellular
5g network,5g network
5g networks,5g networks
5g technology,5g technology
75 mph governor,75 mph governor
7d hologram,7d hologram
8mm videotape,8mm videotape
9mm pistols,9mm pistols
9volt batteries,9volt batteries
abort system,abort system
abortion pill,abortion pill
abortion pills,abortion pills
ac unit,ac unit
ach transfer,ach transfer
act,act
activity tracker,activity tracker
acupuncture,acupuncture
adobe photoshop,adobe photoshop
adult stem cell research,adult stem cell research
advanced batteries,advanced batteries
advanced energy,advanced energy
advanced weapons,advanced weapons
aerial insecticide spray,aerial insecticide spray
aerial surveillance,aerial surveillance
aerosol cans,aerosol cans
aerosol sunscreens,aerosol sunscreens
aerosolized spraying,aerosolized spraying
affordable care act,affordable care act
affordable care act marketplaces,affordable care act marketplaces
agent orange,agent orange
ai,ai
ai chatbot,ai chatbot
ai courts,ai courts
ai facial recognition,ai facial recognition
ai navigation system,ai navigation system
ai technology,ai technology
ai voices,ai voices
aids vaccine,aids vaccine
aienabled drone,ai enabled drone
aigenerated audio,ai generated audio
aigenerated editing,ai generated editing
aigenerated images,ai generated images
aigenerated narration,ai generated narration
aigenerated photos,ai generated photos
aigenerated scripting,ai generated scripting
aigenerated voice,ai generated voice
air conditioning,air conditioning
air conditioning units,air conditioning units
air fresheners,air fresheners
air fryer,air fryer
air fryers,air fryers
air quality monitor,air quality monitor
air rifles,air rifles
air vaccine,air vaccine
airbag,airbag
airbags,airbags
airbus 340,airbus 340
airbus a350,airbus a350
aircraft,aircraft
aircraft carrier,aircraft carrier
aircraft carriers,aircraft carriers
aircraft warning systems,aircraft warning systems
airdrop,airdrop
airlifting,airlifting
airplane,airplane
airplane engine,airplane engine
airplane engines,airplane engines
airplane mode,airplane mode
airplane toilets,airplane toilets
airplanes,airplanes
airpods,airpods
airport scanner,airport scanner
airport scanners,airport scanners
airquality monitor,air quality monitor
airships,airships
airstrikes,airstrikes
airtag,airtag
ais,ais
ak47,ak 47
alert system,alert system
alexa,alexa
algorithm,algorithm
algorithms,algorithms
alien technology,alien technology
aluminum cookware,aluminum cookware
amazon alexa,amazon alexa
amazon app,amazon app
amazon sidewalk,amazon sidewalk
ammunition,ammunition
amniocentesis,amniocentesis
analog clocks,analog clocks
ancient dna,ancient dna
android,android
android phone,android phone
anesthesia,anesthesia
animal chip scanner,animal chip scanner
animation,animation
animatronic sculpture,animatronic sculpture
animatronics,animatronics
ankle monitors,ankle monitors
antenna,antenna
anthrax vaccinations,anthrax vaccinations
antiaircraft gun,antiaircraft gun
antibacterial soaps,antibacterial soaps
antibody cocktail,antibody cocktail
antifingerprint theft technology,antifingerprint theft technology
antimalaria drug,antimalaria drug
antimissile flares,antimissile flares
antipaparazzi scarf,antipaparazzi scarf
antirape device,antirape device
antisolar panels,antisolar panels
antitank supplies,antitank supplies
antitheft devices,antitheft devices
antiviral drugs,antiviral drugs
antivirus,antivirus
antivirus software,antivirus software
apache helicopter,apache helicopter
app,app
app store,app store
apple airtag,apple airtag
apple device,apple device
apple intelligence,apple intelligence
apple maps,apple maps
apple store,apple store
apple watch,apple watch
apps,apps
aquaman crystal,aquaman crystal
ar,ar
ar15,ar 15
ar15 assault rifle,ar 15 assault rifle
ar15 automatic weapon,ar 15 automatic weapon
ar15 rifle,ar 15 rifle
ar15style rifle,ar 15 style rifle
ar15style weapon,ar 15 style weapon
ar57 rifle,ar 57 rifle
arma 3,arma 3
armed patrol boats,armed patrol boats
armed robots,armed robots
armed services vocational aptitude battery test,armed services vocational aptitude battery test
armored vehicle,armored vehicle
armored vehicles,armored vehicles
aromatherapy,aromatherapy
artificial breast milk,artificial breast milk
artificial breast milk technology,artificial breast milk technology
artificial insemination,artificial insemination
artificial intelligence,artificial intelligence
artificial kidney,artificial kidney
artificial ocean reef,artificial ocean reef
artificial protective coatings,artificial protective coatings
artificial sun,artificial sun
artificial sweeteners,artificial sweeteners
artificial womb,artificial womb
artillery,artillery
asbestos,asbestos
assault rifle,assault rifle
assault rifles,assault rifles
assault weapons,assault weapons
assisted reproductive technology,assisted reproductive technology
athome covid19 tests,at home covid19 tests
ativan diffuser,ativan diffuser
atm,atm
atm cameras,atm cameras
atms,atms
atomic bomb,atomic bomb
atomic energy,atomic energy
attack helicopter,attack helicopter
attack submarines,attack submarines
audio cassette,audio cassette
audio devices,audio devices
audio recording,audio recording
audiobooks,audiobooks
augmented reality,augmented reality
autocorrect,autocorrect
automated content moderation tools,automated content moderation tools
automated traffic enforcement cameras,automated traffic enforcement cameras
automatic braking system,automatic braking system
automatic headlights,automatic headlights
automatic oiler,automatic oiler
automatic weapons,automatic weapons
automation,automation
automobile,automobile
automobile air conditioning,automobile air conditioning
automobile headlights,automobile headlights
automobiles,automobiles
autonomous weaponry,autonomous weaponry
autoreply systems,autoreply systems
azidothymidine,azidothymidine
b17 bomber,b17 bomber
b2 stealth bomber,b2 stealth bomber
baby drop off boxes,baby drop off boxes
baby formula,baby formula
background check system,background check system
background record check system,background record check system
backless booster seats,backless booster seats
bagle worm,bagle worm
ballistic missiles,ballistic missiles
balloons,balloons
ballot scanning,ballot scanning
ballotmarking machines,ballot marking machines
ballpoint pens,ballpoint pens
bar code,bar code
bar codes,bar codes
barcode,barcode
barcode scanners,barcode scanners
barcodes,barcodes
barometer,barometer
barq,barq
batteries,batteries
battery,battery
battery powered gloves,battery powered gloves
battery storage,battery storage
batterypowered screwdriver,battery powered screwdriver
bayraktar tb2 drone,bayraktar tb2 drone
bayraktar tb2 drones,bayraktar tb2 drones
bb guns,bb guns
beaglej worm,beaglej worm
beagleq worm,beagleq worm
bicycle,bicycle
binary explosive,binary explosive
biochips,biochips
biodegradable burial pods,biodegradable burial pods
biofuels,biofuels
biolabs,biolabs
biological weapons,biological weapons
biomedical research,biomedical research
biometric id,biometric id
biometric passports,biometric passports
biometric scanning,biometric scanning
bionic kidneys,bionic kidneys
biotechnology,biotechnology
bioweapons,bioweapons
bipedal robot,bipedal robot
biplane,biplane
birth control,birth control
birth control pill,birth control pill
bitcoin,bitcoin
bivalent booster,bivalent booster
black box,black box
black hawk helicopter,black hawk helicopter
black hawk helicopters,black hawk helicopters
blackberry,blackberry
blackberry smart phones,blackberry smart phones
blackhawk helicopter,blackhawk helicopter
blaster worm,blaster worm
blendedwing airliner,blended wing airliner
blimp,blimp
blogging,blogging
blood test,blood test
blood transfusion,blood transfusion
blowtorch,blowtorch
blu rays,blu rays
blue beam project,blue beam project
blue screen of death,blue screen of death
blue streetlights,blue streetlights
bluetooth,bluetooth
bluetooth earbuds,bluetooth earbuds
boats,boats
body armor,body armor
body cameras,body cameras
body scanner,body scanner
body scanners,body scanners
boeing 747,boeing 747
boeing 757,boeing 757
boeing b17e bomber,boeing b17e bomber
boeing starliner,boeing starliner
bomb robot,bomb robot
bomber,bomber
border barrier,border barrier
border fence,border fence
border fencing,border fencing
bots,bots
botts' dots,botts' dots
bowlbot 5000,bowlbot 5000
braille smartwatch,braille smartwatch
breast cancer vaccine,breast cancer vaccine
breast pump,breast pump
breastfeeding device,breastfeeding device
breath test,breath test
breathalyzer,breathalyzer
bridgetunnel system,bridge tunnel system
british sign language,british sign language
broadband,broadband
broadband internet,broadband internet
broadcast delay,broadcast delay
browser extension,browser extension
bug bombs,bug bombs
bugbear virus,bugbear virus
bulk metadata collection,bulk metadata collection
bulletproof backpacks,bulletproof backpacks
bulletproof glass,bulletproof glass
bulletproof vest,bulletproof vest
bump fire stocks,bump fire stocks
bump keys,bump keys
bump stock,bump stock
bump stocks,bump stocks
bunkerbusting bombs,bunker busting bombs
buprenorphine,buprenorphine
buses,buses
c17,c 17
ca125 blood test,ca 125 blood test
caesarean section,caesarean section
cake atm,cake atm
calculator,calculator
calendar apps,calendar apps
call forwarding,call forwarding
camcorders,camcorders
camera,camera
camera app,camera app
camera cell phones,camera cell phones
camera phone,camera phone
camera tricks,camera tricks
cameras,cameras
campaign software,campaign software
cancer diagnostic tool,cancer diagnostic tool
cancer vaccine,cancer vaccine
cancerdetecting blood test,cancer detecting blood test
candy crush,candy crush
canine coronavirus vaccine,canine coronavirus vaccine
canning process,canning process
cannon,cannon
capandtrade,cap and trade
car alarms,car alarms
car battery,car battery
car engine,car engine
car radios,car radios
car seat,car seat
carbon monoxide,carbon monoxide
carbon pricing,carbon pricing
carbon14 dating,carbon 14 dating
carburetor,carburetor
carnauba wax,carnauba wax
cartilage replacement,cartilage replacement
cassette player,cassette player
cassette recorder,cassette recorder
cat scan,cat scan
catalytic converter,catalytic converter
catapults,catapults
cband,c band
cbd,cbd
cbdc microchip,cbdc microchip
cbdcs,cbdcs
cbp one app,cbp one app
cctv,cctv
cctv cameras,cctv cameras
cds,cds
ceiling fan,ceiling fan
ceiling fans,ceiling fans
cell phone,cell phone
cell phone alert,cell phone alert
cell phone location feature,cell phone location feature
cell phone service,cell phone service
cell phone virus,cell phone virus
cell phones,cell phones
cell service,cell service
cellphone,cellphone
cellphone cameras,cellphone cameras
cellphone data,cellphone data
cellphones,cellphones
cellular calls,cellular calls
cellular phone,cellular phone
cellular phones,cellular phones
central bank digital currency,central bank digital currency
central banking digital currency system,central banking digital currency system
centrifugal force,centrifugal force
centrifuges,centrifuges
cfl,cfl
cfl bulb,cfl bulb
cfl bulbs,cfl bulbs
cfl light bulb,cfl light bulb
cfl light bulbs,cfl light bulbs
cgi,cgi
chain saws,chain saws
chairlift,chairlift
charcoal activated tablets,charcoal activated tablets
chat rooms,chat rooms
chatbot,chatbot
chatbots,chatbots
chatgpt,chatgpt
chatgpt pro,chatgpt pro
chemical castration drugs,chemical castration drugs
chemical explosives,chemical explosives
chemical weapons,chemical weapons
chemotherapy,chemotherapy
chicken launcher,chicken launcher
chlorine dioxide,chlorine dioxide
chlorine treatment,chlorine treatment
chloroquine,chloroquine
chlorpyrifos,chlorpyrifos
choppers,choppers
chrome browser extension,chrome browser extension
cicret bracelet,cicret bracelet
civil forfeiture device,civil forfeiture device
clean coal,clean coal
clean energy,clean energy
clia certification,clia certification
climate models,climate models
clock,clock
cloning,cloning
cloning visual effect,cloning visual effect
closed captioning,closed captioning
cloth face mask,cloth face mask
cloth masks,cloth masks
clothes dryer,clothes dryer
cloud computing,cloud computing
cloud seeding,cloud seeding
cloud storage,cloud storage
co2 conversion,co2 conversion
coal,coal
coal energy,coal energy
coal mining,coal mining
coal plants,coal plants
coalfired energy,coal fired energy
coalfired plants,coal fired plants
coalfired power plant,coal fired power plant
coalfired power plants,coal fired power plants
coalpowered energy,coal powered energy
coalpowered plants,coal powered plants
code grabbers,code grabbers
coffee machine,coffee machine
coffee makers,coffee makers
colloidal silver,colloidal silver
color laser printers,color laser printers
colorchanging car,color changing car
combine,combine
commercial nuclear power,commercial nuclear power
commercial nuclear reactor,commercial nuclear reactor
common core,common core
communication technologies,communication technologies
communications satellite,communications satellite
compact disc,compact disc
compact fluorescent lamp,compact fluorescent lamp
compact fluorescent light bulbs,compact fluorescent light bulbs
compass,compass
composite imaging,composite imaging
composite photography,composite photography
composting,composting
compressed air,compressed air
computer,computer
computer algorithm,computer algorithm
computer animated graphics,computer animated graphics
computer animation,computer animation
computer card game,computer card game
computer files,computer files
computer generated images,computer generated images
computer graphics,computer graphics
computer hard drives,computer hard drives
computer models,computer models
computer mouse,computer mouse
computer program,computer program
computer science,computer science
computer sciences,computer sciences
computer screen cleaning program,computer screen cleaning program
computer server,computer server
computer simulation,computer simulation
computer software,computer software
computer storage,computer storage
computer system,computer system
computer systems,computer systems
computer translation,computer translation
computer virus,computer virus
computer viruses,computer viruses
computer visualization,computer visualization
computer worm,computer worm
computergenerated faces,computer generated faces
computergenerated imagery,computer generated imagery
computergenerated special effects,computer generated special effects
computergenerated visualization,computer generated visualization
computers,computers
computing,computing
concrete,concrete
concussion grenade,concussion grenade
conficker computer virus,conficker computer virus
connectivity,connectivity
construction equipment,construction equipment
consumer technology,consumer technology
contact lens,contact lens
contact lenses,contact lenses
contact tracing,contact tracing
content filtering,content filtering
contraception,contraception
convalescent plasma therapy,convalescent plasma therapy
conventional generators,conventional generators
conventional light bulbs,conventional light bulbs
cookin bags,cook in bags
cordless phones,cordless phones
coronavirus test,coronavirus test
coronavirus testing,coronavirus testing
coronavirus tests,coronavirus tests
coronavirus vaccine,coronavirus vaccine
coronavirus vaccines,coronavirus vaccines
cosmo heater,cosmo heater
covid drug,covid drug
covid injection,covid injection
covid testing,covid testing
covid tracker,covid tracker
covid vaccinations,covid vaccinations
covid vaccine,covid vaccine
covid vaccines,covid vaccines
covid19 antibody tests,covid 19 antibody tests
covid19 booster shot,covid 19 booster shot
covid19 booster vaccines,covid 19 booster vaccines
covid19 injection,covid 19 injection
covid19 mrna vaccine,covid 19 mrna vaccine
covid19 nasal swab test,covid 19 nasal swab test
covid19 pcr tests,covid 19 pcr tests
covid19 personal protection equipment decontamination,covid 19 personal protection equipment decontamination
covid19 protective masks,covid 19 protective masks
covid19 test,covid 19 test
covid19 test swabs,covid 19 test swabs
covid19 testing,covid 19 testing
covid19 testing kits,covid 19 testing kits
covid19 testing swabs,covid 19 testing swabs
covid19 tests,covid 19 tests
covid19 tracing apps,covid 19 tracing apps
covid19 tracking apps,covid 19 tracking apps
covid19 vaccination,covid 19 vaccination
covid19 vaccinations,covid 19 vaccinations
covid19 vaccine,covid 19 vaccine
covid19 vaccine booster,covid 19 vaccine booster
covid19 vaccines,covid 19 vaccines
credit card skimmers,credit card skimmers
credit cards,credit cards
credit default swap,credit default swap
credit default swaps,credit default swaps
critical infrastructure,critical infrastructure
crocs,crocs
crop duster,crop duster
cruise control,cruise control
cruise missiles,cruise missiles
cryogenics,cryogenics
cryonic storage,cryonic storage
crypto mining,crypto mining
cryptocurrency,cryptocurrency
cryptocurrency trading platform,cryptocurrency trading platform
cryptolocker malware,cryptolocker malware
csection,csection
ct scan,ct scan
ct scan machines,ct scan machines
curbside recycling,curbside recycling
cv19n95 mask,cv19 n95 mask
cyber attack,cyber attack
cyber trucks,cyber trucks
cyberattack,cyberattack
cyberattacks,cyberattacks
cybersecurity,cybersecurity
cybertruck,cybertruck
cybertrucks,cybertrucks
daguerreotype,daguerreotype
dancing molecules,dancing molecules
dark web,dark web
dash cam,dash cam
dash cams,dash cams
dashboard cameras,dashboard cameras
dashcam,dashcam
data chips,data chips
data hub,data hub
data system,data system
data transmission technology,data transmission technology
database,database
datagathering tools,data gathering tools
dating app,dating app
dating apps,dating apps
daytime running lights,daytime running lights
debit card readers,debit card readers
deep fake,deep fake
deepfake,deepfake
deepfake audio,deepfake audio
deepfake technology,deepfake technology
deepfakes,deepfakes
deepwater drilling,deepwater drilling
defense system,defense system
defibrillator,defibrillator
defibrillators,defibrillators
delivery drones,delivery drones
dental fillings,dental fillings
derivatives,derivatives
destructores,destructores
devices,devices
diagnostic test instruments,diagnostic test instruments
dialysis,dialysis
diamond batteries,diamond batteries
diesel generator,diesel generator
diesel generators,diesel generators
digital archive,digital archive
digital artwork,digital artwork
digital assistant,digital assistant
digital camera,digital camera
digital certificates,digital certificates
digital creation,digital creation
digital creations,digital creations
digital dollar,digital dollar
digital editing,digital editing
digital editing software,digital editing software
digital editing tools,digital editing tools
digital effects,digital effects
digital enhancement,digital enhancement
digital fabrication,digital fabrication
digital file,digital file
digital id,digital id
digital ids,digital ids
digital image editing,digital image editing
digital image manipulation,digital image manipulation
digital manipulation,digital manipulation
digital manipulation software,digital manipulation software
digital rendering,digital rendering
digital responses,digital responses
digital television,digital television
digital trading cards,digital trading cards
digital tv converter,digital tv converter
digital vaccine passports,digital vaccine passports
digital video creation,digital video creation
digital whale,digital whale
digitalidentity,digital identity
diphtheria vaccine,diphtheria vaccine
direct energy weapon,direct energy weapon
direct energy weapons,direct energy weapons
directed energy weapon,directed energy weapon
directed energy weapons,directed energy weapons
directedenergy weapons,directed energy weapons
dirigibles,dirigibles
dishwasher,dishwasher
dishwashers,dishwashers
disinfectant misting tent,disinfectant misting tent
disk drive,disk drive
disposable masks,disposable masks
diving suit,diving suit
dna alteration,dna alteration
dna analysis,dna analysis
dna cloning,dna cloning
dna data,dna data
dna evidence,dna evidence
dna experiments,dna experiments
dna extraction,dna extraction
dna test kit,dna test kit
dna testing,dna testing
dna tests,dna tests
dnschanger virus,dnschanger virus
domain names,domain names
dominion software,dominion software
dominion voting systems,dominion voting systems
doom,doom
doomsday planes,doomsday planes
doorbell camera,doorbell camera
doublelung transplant,doublelung transplant
downloadable ballots,downloadable ballots
drill bits,drill bits
drilling,drilling
driverless car,driverless car
driverless cars,driverless cars
driving technology,driving technology
drone,drone
drone attack program,drone attack program
drone delivery,drone delivery
drone strikes,drone strikes
drone technology,drone technology
dronepowered hoverboard,drone powered hoverboard
drones,drones
drug testing,drug testing
drugdetecting nail polish,drugdetecting nail polish
dtap vaccine,dtap vaccine
dumaru worm,dumaru worm
duplicate card readers,duplicate card readers
dustbuster,dustbuster
dvd,dvd
dvds,dvds
dyson supersonic,dyson supersonic
e15 gasoline,e15 gasoline
e911 chip,e 911 chip
early photography,early photography
earmuffs,earmuffs
earphones,earphones
earpiece,earpiece
earpieces,earpieces
ebike,ebike
ebola vaccinations,ebola vaccinations
ebola vaccine,ebola vaccine
ebooks,ebooks
ecg,ecg
ecigarettes,e cigarettes
economic model,economic model
edible tape,edible tape
edit button,edit button
egg rollmaking machine,egg rollmaking machine
ejuice,e juice
election software,election software
election system,election system
elections technology,elections technology
electric automobile,electric automobile
electric buses,electric buses
electric car,electric car
electric car batteries,electric car batteries
electric car battery,electric car battery
electric car charging station,electric car charging station
electric cars,electric cars
electric chair,electric chair
electric charging station,electric charging station
electric fans,electric fans
electric fence,electric fence
electric generating plant,electric generating plant
electric generation,electric generation
electric grid,electric grid
electric guitar,electric guitar
electric mail trucks,electric mail trucks
electric mower,electric mower
electric outlets,electric outlets
electric scooters,electric scooters
electric tractors,electric tractors
electric vehicle,electric vehicle
electric vehicle batteries,electric vehicle batteries
electric vehicles,electric vehicles
electrical grids,electrical grids
electricity,electricity
electricitysaving box,electricity saving box
electrified fence,electrified fence
electromagnetic pulses,electromagnetic pulses
electromagnetic radiation detector,electromagnetic radiation detector
electronic absentee voting system,electronic absentee voting system
electronic ballots,electronic ballots
electronic braking system,electronic braking system
electronic cigarette,electronic cigarette
electronic cigarettes,electronic cigarettes
electronic locators,electronic locators
electronic medical records,electronic medical records
electronic payment transfers,electronic payment transfers
electronic surveillance,electronic surveillance
electronic transactions,electronic transactions
electronic voting machines,electronic voting machines
electronics recycling,electronics recycling
electrotherapies,electrotherapies
elevators,elevators
email,email
email server,email server
emails,emails
embossed hologram,embossed hologram
embryo freezing,embryo freezing
embryonic stem cell research,embryonic stem cell research
embryonic stem cells,embryonic stem cells
emdrive propulsion system,emdrive propulsion system
emergency alert system,emergency alert system
emergency alerts,emergency alerts
emergency broadcast system,emergency broadcast system
emergency power generators,emergency power generators
emissions cheat devices,emissions cheat devices
emissions regulations,emissions regulations
emojis,emojis
emoticon,emoticon
emotionmonitoring tech,emotion monitoring tech
emv chip card,emv chip card
encryption technology,encryption technology
endtoend encryption,end to end encryption
energy efficient car,energy efficient car
energy saver boxes,energy saver boxes
energy weapons,energy weapons
energysaving device,energy saving device
energysaving gadget,energy saving gadget
engines,engines
enriched uranium,enriched uranium
enzymes,enzymes
epetition,epetition
epidural anesthetic,epidural anesthetic
epinephrine injector,epinephrine injector
epipen,epipen
epipens,epipens
epoxy,epoxy
ereaders,ereaders
ethanol,ethanol
ethanol fuel,ethanol fuel
ethanol production,ethanol production
ethereum,ethereum
ethylene oxide,ethylene oxide
ethylene treatment,ethylene treatment
ev charging stations,ev charging stations
evaporating towers,evaporating towers
everify,everify
exercise bikes,exercise bikes
exosuits,exosuits
experimental technology,experimental technology
experimental treatment,experimental treatment
explosives,explosives
extraterrestrial technologies,extraterrestrial technologies
ezpass,ezpass
f/a37 military plane,f/a 37 military plane
f15 fighter jet,f 15 fighter jet
f15 fighter jets,f 15 fighter jets
f15s,f 15s
f16,f 16
f16 military plane,f 16 military plane
f16s,f 16s
f35,f 35
fabric that kills coronaviruses,fabric that kills coronaviruses
face mask,face mask
face masks,face masks
facealtering app,face altering app
faceapp,faceapp
facebook,facebook
facebook live,facebook live
facebook messenger,facebook messenger
facebook reactions,facebook reactions
faceswapping,face swapping
facetime,facetime
facial recognition,facial recognition
facial recognition software,facial recognition software
fake meat,fake meat
fake news generator,fake news generator
fake tweetgenerator,fake tweetgenerator
falcon 9 rocket,falcon 9 rocket
falcon heavy rocket,falcon heavy rocket
farm equipment,farm equipment
fax machine,fax machine
federal computer network,federal computer network
federal database,federal database
federal employee verification system,federal employee verification system
federal health record,federal health record
fednow,fednow
fednow payment system,fednow payment system
female condom,female condom
female condoms,female condoms
fenbendazole,fenbendazole
fentanyl,fentanyl
fidget spinner,fidget spinner
fighter jet,fighter jet
fighter jets,fighter jets
fighter planes,fighter planes
fingerprint database,fingerprint database
fingerprint identification system,fingerprint identification system
fingerprinting,fingerprinting
fire alarm box,fire alarm box
fire drone,fire drone
fire foil,fire foil
fire sprinklers,fire sprinklers
firearms,firearms
fireworks,fireworks
fizzer worm,fizzer worm
flameretardant materials,flameretardant materials
flamethrower,flamethrower
flamethrowers,flamethrowers
flash drive,flash drive
flash player,flash player
flashbang grenade,flashbang grenade
flashlight apps,flashlight apps
flowbee,flowbee
flu shot,flu shot
flu shots,flu shots
flu vaccine,flu vaccine
fluorescent light bulbs,fluorescent light bulbs
fluoridation,fluoridation
fluoride toothpaste,fluoride toothpaste
flush toilet,flush toilet
flux capacitor,flux capacitor
flying car,flying car
flying machines,flying machines
fog reveal,fog reveal
forced perspective,forced perspective
fossil fuel,fossil fuel
fossil fuels,fossil fuels
fracked gas pipeline,fracked gas pipeline
fracking,fracking
freezer,freezer
freon,freon
fuel efficiency,fuel efficiency
fuel efficiency standards,fuel efficiency standards
fuel standards,fuel standards
fullbody scanners,full body scanners
furbys,furbys
fuzzbuster,fuzzbuster
galaxy note 7,galaxy note 7
galton board,galton board
galvanic battery belts,galvanic battery belts
game boy,game boy
game controller,game controller
gaming console,gaming console
ganda worm,ganda worm
garbage disposal,garbage disposal
garbage trucks,garbage trucks
garbageburning power plant,garbage burning power plant
gas,gas
gas detector,gas detector
gas generator,gas generator
gas mask,gas mask
gas ovens and burners,gas ovens and burners
gas pipeline,gas pipeline
gas pump,gas pump
gas rigs,gas rigs
gas stoves,gas stoves
gasfueled lighting,gas fueled lighting
gaspowered cars,gas powered cars
gel candles,gel candles
genderneutral screening technology,gender neutral screening technology
gene therapy,gene therapy
generative ai,generative ai
genetic coding,genetic coding
genetic engineering,genetic engineering
genetic modification,genetic modification
genetic screenings,genetic screenings
genetically engineered cattle ticks,genetically engineered cattle ticks
genetically modified cannabis,genetically modified cannabis
genetically modified crops,genetically modified crops
genetically modified mosquitoes,genetically modified mosquitoes
genetically modified organisms,genetically modified organisms
genetically modified seed,genetically modified seed
geneticallyengineered crops,genetically engineered crops
genital implant,genital implant
geoengineering,geoengineering
geolocation,geolocation
ghost guns,ghost guns
gillnets,gillnets
glasses,glasses
glitter phone cases,glitter phone cases
glock,glock
glycoprotein,glycoprotein
gmail,gmail
gmo,gmo
gmo crops,gmo crops
gmo mosquitos,gmo mosquitos
gmos,gmos
goes satellite,goes satellite
goner worm,goner worm
google docs,google docs
google earth,google earth
google maps,google maps
google reviews,google reviews
google search,google search
google street view,google street view
google translate,google translate
gopro,gopro
got you worm,got you worm
government tracking device,government tracking device
gps,gps
gps devices,gps devices
gps tracking,gps tracking
gps tracking devices,gps tracking devices
graph app,graph app
graphene,graphene
graphene chips,graphene chips
graphene hydroxide,graphene hydroxide
graphene oxide,graphene oxide
gravitational waves,gravitational waves
green energy,green energy
green screen,green screen
grindr,grindr
grocery scanner,grocery scanner
grok platform,grok platform
groundcommanded television assembly,groundcommanded television assembly
gta vi,gta vi
guillotine,guillotine
gulfstream g650,gulfstream g650
gulfstream jet,gulfstream jet
h1b visa program,h 1b visa program
h1n1 vaccine,h1n1 vaccine
haarp,haarp
hacking,hacking
hair dryer,hair dryer
hairdryer,hairdryer
ham radio,ham radio
hammer,hammer
hand counting,hand counting
hand dryers,hand dryers
hand sanitizer,hand sanitizer
handguns,handguns
handsfree cell phone,handsfree cell phone
hard drives,hard drives
hazardous materials suit,hazardous materials suit
hazmat suits,hazmat suits
headphone jack,headphone jack
headset,headset
health records system,health records system
healthrecord system,health record system
heart transplant,heart transplant
heartbleed,heart bleed
heavy icebreakers,heavy icebreakers
heavy water,heavy water
helicopter,helicopter
helicopters,helicopters
helium balloons,helium balloons
helmet,helmet
helmet camera,helmet camera
hepatitis b vaccine,hepatitis b vaccine
here you have virus,here you have virus
hidden camera,hidden camera
hidden metadata,hidden metadata
high speed internet,high speed internet
highpower microwaves,highpower microwaves
highspeed internet,highspeed internet
highspeed rail,highspeed rail
highspeed train,highspeed train
hightech,hightech
hightech industries,hightech industries
highvoltage power lines,highvoltage power lines
hiv medicines,hiv medicines
hiv tests,hiv tests
hiv/aids medicine,hiv/aids medicine
hoe excavator,hoe excavator
hollowpoint bullets,hollowpoint bullets
hologram,hologram
home computer,home computer
home computers,home computers
home internet,home internet
home pregnancy tests,home pregnancy tests
home theaters,home theaters
homeopathy,homeopathy
hookup apps,hookup apps
hormonal birth control,hormonal birth control
hormone medication,hormone medication
hormone therapy,hormone therapy
horse power control device,horse power control device
horseless carriages,horseless carriages
hotair balloon,hot air balloon
hotel safe,hotel safe
household energy consumption reduction device,household energy consumption reduction device
hoverboard,hoverboard
hoverboards,hoverboards
hpv vaccine,hpv vaccine
hubble telescope,hubble telescope
human implantable microchips,human implantable microchips
humanlike robot,humanlike robot
humvees,humvees
hunting rifle,hunting rifle
hybrid airship,hybrid airship
hybrid battery,hybrid battery
hybrid cars,hybrid cars
hydraulic fracking,hydraulic fracking
hydrofracking,hydro fracking
hydrogen,hydrogen
hydrogenpowered cars,hydrogen powered cars
hydropower,hydropower
hydroxychloroquine,hydroxychloroquine
hyperloop,hyperloop
hypersonic jet,hypersonic jet
hypersonic missile,hypersonic missile
ibm technology,ibm technology
ice cream machines,ice cream machines
icloud,icloud
icu bed,icu bed
id2020,id2020
identify tv and music app,identify tv and music app
identity verification,identity verification
ignition interlock system,ignition interlock system
image editing,image editing
image filter feature,image filter feature
image scanning,image scanning
imessage,imessage
immunizations,immunizations
implantable cardioverter defibrillator,implantable cardioverter defibrillator
implantable microchip,implantable microchip
implanted microchip,implanted microchip
improvised explosive device,improvised explosive device
in vitro fertilization,in vitro fertilization
inapp feature,inapp feature
incandescent bulbs,incandescent bulbs
incandescent light bulb,incandescent light bulb
incubator,incubator
indelible ink,indelible ink
infantry fighting vehicles,infantry fighting vehicles
inflatable bra,inflatable bra
inflatable dam,inflatable dam
inflatable decoy plane,inflatable decoy plane
influenza vaccine,influenza vaccine
information technology,information technology
infrared,infrared
inhaler,inhaler
inhalers,inhalers
injectable birth control,injectable birth control
injectable contraceptive gel,injectable contraceptive gel
insect protein,insect protein
insect spy drone,insect spy drone
insecticide,insecticide
instagram,instagram
instagram filters,instagram filters
instant messaging,instant messaging
insulin,insulin
intel core 2 duo processors,intel core 2 duo processors
interactive television,interactive television
internal combustion engine,internal combustion engine
internet,internet
internet domain name,internet domain name
internet domain name system,internet domain name system
internet explorer,internet explorer
internet protocol,internet protocol
internet services,internet services
internetcapable portable toilet,internet capable portable toilet
intravenous bags,intravenous bags
invisible code watermark,invisible code watermark
invisible tattoos,invisible tattoos
ios,ios
ios 11,ios 11
ios 17,ios 17
ipad,ipad
ipads,ipads
iphone,iphone
iphone 12,iphone 12
iphone 6,iphone 6
iphone 6s,iphone 6s
iphone 7,iphone 7
iphone cameras,iphone cameras
iphone shortcut,iphone shortcut
iphones,iphones
ipod touch,ipod touch
ipods,ipods
iring,iring
iron dome,iron dome
iron dome missile defense system,iron dome missile defense system
iud,iud
ivermectin,ivermectin
ivf,ivf
james virus,james virus
james webb space telescope,james webb space telescope
james webb telescope,james webb telescope
jato  unit,jato  unit
javelin,javelin
javelin missiles,javelin missiles
jaws of life,jaws of life
jdbgmgrexe,jdbgmgrexe
jet engine,jet engine
jet fighters,jet fighters
jet packs,jet packs
jet stream,jet stream
jetliner,jetliner
jetpacks,jetpacks
jetpowered hoverboard,jet powered hoverboard
jets,jets
joint strike fighter jet,joint strike fighter jet
journal app,journal app
juicejacking,juicejacking
juicer,juicer
jumbotron display screen,jumbotron display screen
jwst,jwst
ka 52 helicopters,ka 52 helicopters
key fob,key fob
keyboard,keyboard
keyboard loggers,keyboard loggers
keycard,keycard
keyless entry technology,keyless entry technology
keypunch,keypunch
keystone pipeline,keystone pipeline
keystone xl,keystone xl
keystone xl pipeline,keystone xl pipeline
keystroke tracking,keystroke tracking
kik messenger,kik messenger
kill switch,kill switch
kill switches,kill switches
killer robots,killer robots
klez virus,klez virus
klezh virus,klezh virus
koobface virus,koobface virus
krack,krack
lab grown meat,lab grown meat
lab test kits,lab test kits
labgrown babies,lab grown babies
labgrown baby,lab grown baby
labgrown meat,lab grown meat
labmanufactured breast milk,lab manufactured breast milk
landing gear,landing gear
landline,landline
landline phones,landline phones
laptop,laptop
laptop computers,laptop computers
laptops,laptops
large hadron collider,large hadron collider
laser,laser
laser beams,laser beams
laser systems,laser systems
lasers,lasers
lasik,lasik
lawn mower,lawn mower
lethal injection,lethal injection
levitating car,levitating car
life jackets,life jackets
life support,life support
lifesupport machine,life support machine
lifesupport systems,life support systems
light bulb,light bulb
light bulbs,light bulbs
light rail,light rail
light show,light show
lightbulb,lightbulb
lightrail,light rail
liquefied natural gas,liquefied natural gas
liquid nitrogen,liquid nitrogen
liquid paper,liquid paper
liquified natural gas,liquified natural gas
lirva worm,lirva worm
listening devices,listening devices
lithium,lithium
lithium batteries,lithium batteries
lithium battery,lithium battery
lithium mining,lithium mining
live video feed,live video feed
livestream,livestream
livestreaming,livestreaming
lobotomy,lobotomy
lock pick,lock pick
locks,locks
logging,logging
longbow,longbow
longrange bombers,longrange bombers
lovgate worm,lovgate worm
lowflow showers,low flow showers
lowflow toilets,low flow toilets
luciferase,luciferase
lung cancer vaccine,lung cancer vaccine
lyebased hair relaxers,lye based hair relaxers
m16 rifles,m16 rifles
m44 cyanide ejector device,m 44 cyanide ejector device
mac,mac
macbooks,macbooks
machine gun,machine gun
machine guns,machine guns
machining,machining
magicband readers,magicband readers
magnetic field,magnetic field
magnetic frequencies,magnetic frequencies
magnetic levitation,magnetic levitation
magnetic lymphatic earrings,magnetic lymphatic earrings
mail server,mail server
mailin ballots,mail in ballots
mailin voting,mail in voting
male birth control,male birth control
malicious code,malicious code
malware,malware
mammograms,mammograms
mapping service,mapping service
marijuana,marijuana
mars rover,mars rover
martian rovers,martian rovers
masks,masks
massive ordnance air blast bomb,massive ordnance air blast bomb
mdma,mdma
measles vaccine,measles vaccine
mechanic lipids,mechanic lipids
mechanically separated chicken,mechanically separated chicken
medical device,medical device
medical devices,medical devices
medical discoveries,medical discoveries
medical equipment,medical equipment
medical marijuana,medical marijuana
medical mask,medical mask
medical monitoring,medical monitoring
meetup app,meetup app
meme generator,meme generator
messaging app,messaging app
messaging applications,messaging applications
messaging apps,messaging apps
messenger,messenger
metal detector,metal detector
metal detectors,metal detectors
metal plate,metal plate
methane emissions,methane emissions
microchip,microchip
microchip implant,microchip implant
microchipping,microchipping
microchips,microchips
microchips in the brain,microchips in the brain
micromotor,micromotor
microphone,microphone
microscope,microscope
microscopy,microscopy
microsoft outlook 2010,microsoft outlook 2010
microsoft word,microsoft word
microwave,microwave
microwave emissions,microwave emissions
microwave oven,microwave oven
microwave ovens,microwave ovens
microwaves,microwaves
mifepristone,mifepristone
mig29,mig 29
military aircraft,military aircraft
military applications,military applications
military equipment,military equipment
military jets,military jets
military robots,military robots
military simulation video game,military simulation video game
military transport plane,military transport plane
military vehicles,military vehicles
militarygrade armored personnel truck,military grade armored personnel truck
militarygrade weapons,military grade weapons
milking machine,milking machine
mimail worm,mimail worm
mimaili worm,mimaili worm
minecraft,minecraft
mineresistant vehicles,mine resistant vehicles
mini cheetah robot,mini cheetah robot
mining,mining
mining haul truck,mining haul truck
mirena iud,mirena iud
mirror system in space,mirror system in space
missile,missile
missile defense program,missile defense program
missile defense shield,missile defense shield
missile defense system,missile defense system
missile launchers,missile launchers
missile shield,missile shield
missile strike,missile strike
missile tests,missile tests
missiledefense facilities,missile defense facilities
missiles,missiles
mmr vaccination,mmr vaccination
mmr vaccine,mmr vaccine
mmr vaccines,mmr vaccines
moab,moab
mobile app,mobile app
mobile apps,mobile apps
mobile devices,mobile devices
mobile phone,mobile phone
mobile phones,mobile phones
model lawnmower,model lawnmower
model t,model t
moderna vaccine,moderna vaccine
mojo vision lenses,mojo vision lenses
molotov cocktails,molotov cocktails
monoclonal antibody treatments,monoclonal antibody treatments
monoclonal treatments,monoclonal treatments
monorail,monorail
monovalent and bivalent covid vaccines,monovalent and bivalent covid vaccines
moon exploration,moon exploration
moon probe,moon probe
moon rocket,moon rocket
moonlanding code,moonlanding code
mosquito trap,mosquito trap
mother of all bombs,mother of all bombs
motion pictures,motion pictures
motion sensors,motion sensors
motorcycle,motorcycle
motorcycles,motorcycles
motorhome,motorhome
mouse,mouse
mousetrap,mousetrap
mri,mri
mri machine,mri machine
mris,mris
mrna,mrna
mrna cancer therapy,mrna cancer therapy
mrna coronavirus vaccine,mrna coronavirus vaccine
mrna covid vaccines,mrna covid vaccines
mrna covid19 vaccine,mrna covid 19 vaccine
mrna covid19 vaccines,mrna covid 19 vaccines
mrna technology,mrna technology
mrna vaccine,mrna vaccine
mrna vaccines,mrna vaccines
multigrooved records,multigrooved records
musical tool,musical tool
musicplaying machine,musicplaying machine
musket,musket
mylife worm,mylife worm
n95,n95
n95 masks,n95 masks
nail gun,nail gun
naled,naled
namedrop,namedrop
nanobodies,nanobodies
nanobot,nanobot
nanobots,nanobots
nanocensor,nanocensor
nanochips,nanochips
nanoparticles,nanoparticles
nanoscale engineering,nanoscale engineering
nanotech particles,nanotech particles
nanotechnology,nanotechnology
nasa rover,nasa rover
nasal cannula,nasal cannula
national animal identification system,national animal identification system
national id,national id
natural gas,natural gas
natural gas pipeline,natural gas pipeline
natural gas pipelines,natural gas pipelines
needle exchange vending machine,needle exchange vending machine
neonicotinoid pesticides,neonicotinoid pesticides
nerf guns,nerf guns
net metering,net metering
netsky worm,netsky worm
networked video games,networked video games
neurostrike weapons,neurostrike weapons
new profile pic app,new profile pic app
next generation delivery vehicles,next generation delivery vehicles
nfc chip,nfc chip
nfts,nfts
night vision glasses,night vision glasses
nightshot video cameras,nightshot video cameras
nightvision,night vision
nintendo 64,nintendo 64
nintendo wii,nintendo wii
nlaw,nlaw
nova h1 audio earrings,nova h1 audio earrings
novarg worm,novarg worm
nuclear,nuclear
nuclear arms,nuclear arms
nuclear arsenal,nuclear arsenal
nuclear bomb,nuclear bomb
nuclear bombers,nuclear bombers
nuclear bombs,nuclear bombs
nuclear capability,nuclear capability
nuclear codes,nuclear codes
nuclear deal,nuclear deal
nuclear disarmament,nuclear disarmament
nuclear energy,nuclear energy
nuclear missiles,nuclear missiles
nuclear mission,nuclear mission
nuclear plants,nuclear plants
nuclear power,nuclear power
nuclear power plants,nuclear power plants
nuclear program,nuclear program
nuclear projects,nuclear projects
nuclear proliferation,nuclear proliferation
nuclear reactor,nuclear reactor
nuclear reactors,nuclear reactors
nuclear stockpile,nuclear stockpile
nuclear submarine,nuclear submarine
nuclear submarines,nuclear submarines
nuclear technology,nuclear technology
nuclear test,nuclear test
nuclear warhead,nuclear warhead
nuclear warheads,nuclear warheads
nuclear waste,nuclear waste
nuclear weapon,nuclear weapon
nuclear weapons,nuclear weapons
nuclearpowered aircraft carriers,nuclear powered aircraft carriers
obamacare,obamacare
obamacare website,obamacare website
offshore drilling,offshore drilling
offshore oil drilling,offshore oil drilling
offshore oil rig,offshore oil rig
offshore wind power,offshore wind power
offshore windfarm,offshore windfarm
oil,oil
oil and gas,oil and gas
oil and gas exploration,oil and gas exploration
oil and gas pipelines,oil and gas pipelines
oil and natural gas exploration,oil and natural gas exploration
oil drilling,oil drilling
oil pipeline,oil pipeline
oil rig,oil rig
oil rigs,oil rigs
oil sands extraction,oil sands extraction
oil tankers,oil tankers
omicronspecific booster vaccines,omicron specific booster vaccines
oneway glass,one way glass
online access,online access
online bots,online bots
online change of address system,online change of address system
online forprofit school,online for profit school
online game platform,online game platform
online learning,online learning
online platforms,online platforms
online searches,online searches
online tax filing,online tax filing
online text generator,online text generator
online voter registration,online voter registration
onlinedating app,online dating app
onlyfans,onlyfans
open captions,open captions
optech iii p voting machines,optech iii p voting machines
ordering kiosks,ordering kiosks
origami condoms,origami condoms
ovarian transplant,ovarian transplant
overhead projector,overhead projector
oxygen concentrator,oxygen concentrator
pacemaker,pacemaker
paintball guns,paintball guns
palyh worm,palyh worm
panic buttons,panic buttons
paper ballots,paper ballots
paper shredders,paper shredders
paperless voting systems,paperless voting systems
paraglider,paraglider
paragliding,paragliding
paramagnetic paint,paramagnetic paint
paramilitary equipment,paramilitary equipment
parler,parler
particle physics,particle physics
pay phone,pay phone
payment system,payment system
pcr,pcr
pcr covid test,pcr covid test
pcr covid19 tests,pcr covid 19 tests
pcr test,pcr test
pcr tests,pcr tests
pdf reader,pdf reader
pen,pen
pentium chip,pentium chip
pepper balls,pepper balls
pepper spray,pepper spray
personal computer,personal computer
pesticide,pesticide
pet scanner,pet scanner
pfas,pfas
pfizer vaccine,pfizer vaccine
pharmacovigilance tracking system,pharmacovigilance tracking system
phishing,phishing
phishing attack,phishing attack
phone cameras,phone cameras
phone charger,phone charger
phone charging,phone charging
phone lines,phone lines
phone screens,phone screens
phone security,phone security
phone service,phone service
photo booth,photo booth
photo editing,photo editing
photo radar,photo radar
photo syncing,photo syncing
photocopier,photocopier
photodynamic therapy,photodynamic therapy
photography,photography
photonics,photonics
photoshop,photoshop
photovoltaic manufacturing,photovoltaic manufacturing
piano,piano
pilot earpiece,pilot earpiece
pink dye,pink dye
pipeline,pipeline
pipelines,pipelines
pizza saver,pizza saver
pizza vending machines,pizza vending machines
plan b,plan b
plan b pill,plan b pill
plastic,plastic
plastic bottles,plastic bottles
plastic microbeads,plastic microbeads
plastic recycling,plastic recycling
plastics,plastics
plastics manufacturing,plastics manufacturing
platform,platform
playstation,playstation
playstation 5,playstation 5
plugs,plugs
podcasting,podcasting
pointtopoint cameras,point to point cameras
pokemon,pokemon
pokemon go,pokemon go
polarized light,polarized light
police bodycam,police bodycam
police car video,police car video
police dash cam,police dash cam
police radar,police radar
police radar gun,police radar gun
polio shots,polio shots
polio vaccination,polio vaccination
polio vaccine,polio vaccine
polio vaccines,polio vaccines
pollbooks,pollbooks
polygraph tests,polygraph tests
polymer bank notes,polymer bank notes
polymer bills,polymer bills
polymer drone flies,polymer drone flies
pong,pong
pop email service,pop email service
portable baby cage,portable baby cage
portable heater,portable heater
portable oxygen concentrator,portable oxygen concentrator
portable power generators,portable power generators
positive train control safety system,positive train control safety system
powdered alcohol,powdered alcohol
power,power
power drill,power drill
power generation,power generation
power line,power line
power lines,power lines
power screwdriver,power screwdriver
power transmission lines,power transmission lines
powerpoint,powerpoint
powersave,powersave
ppe,ppe
precise location feature,precise location feature
pregnancy detection technology,pregnancy detection technology
pregnancy robot,pregnancy robot
pregnancy test,pregnancy test
pregnancy tests,pregnancy tests
prepaid debit cards,prepaid debit cards
prerecorded calls,prerecorded calls
prescription drug monitoring programs,prescription drug monitoring programs
presidential alert system,presidential alert system
pressurized garden hose,pressurized garden hose
printer,printer
printer toner cartridge,printer toner cartridge
printnightmare,print nightmare
privacysaving technology,privacy saving technology
private airplane,private airplane
private email server,private email server
private jet,private jet
pro power saver,pro power saver
propane tank,propane tank
prosthetic leg,prosthetic leg
protease inhibitors,protease inhibitors
protective gear,protective gear
protective medical gear,protective medical gear
prototype cars,prototype cars
ps5,ps5
psychographics,psychographics
puberty blockers,puberty blockers
pyrotechnics,pyrotechnics
qr code,qr code
qr codes,qr codes
quantum ai,quantum ai
quantum blockchain,quantum blockchain
quantum blockchain system,quantum blockchain system
quantum stealth material,quantum stealth material
quicktime,quicktime
radar altimeters,radar altimeters
radar gun,radar gun
radiators,radiators
radio,radio
radio frequency identification,radio frequency identification
radio telescope,radio telescope
radio waves,radio waves
radiocarbon dating,radiocarbon dating
radiofrequency identification,radio frequency identification
rail,rail
rail link,rail link
rail system,rail system
railroad,railroad
railroad gauge,railroad gauge
rainwater harvesting,rainwater harvesting
ramnit worm,ramnit worm
ransomware,ransomware
rape kit,rape kit
rare earth minerals,rare earth minerals
rbst,rbst
rear 5th wheel,rear 5th wheel
recording technology,recording technology
recyclable materials,recyclable materials
recycling technology,recycling technology
red light camera,red light camera
red light cameras,red light cameras
redlight cameras,redlight cameras
reed diffuser,reed diffuser
reeezak worm,reeezak worm
refinery,refinery
refrigeration units,refrigeration units
refrigerators,refrigerators
remdesivir,remdesivir
remote control crocodile,remote control crocodile
remote keyless entry,remote keyless entry
remote keyless entry systems,remote keyless entry systems
renewable energy,renewable energy
renewable materials,renewable materials
renewables,renewables
reproductive health apps,reproductive health apps
respirators,respirators
reverse image search,reverse image search
rfid,rfid
rfid chip,rfid chip
rfid chip technology,rfid chip technology
rfid chips,rfid chips
rfid microchips,rfid microchips
rfidenabled credit cards,rfid enabled credit cards
ridesharing,ride sharing
rife machine,rife machine
rifle,rifle
ring doorbells,ring doorbells
ritalin,ritalin
rna,rna
rnc email system,rnc email system
roblox app,roblox app
robocall,robocall
robocalls,robocalls
robot,robot
robot delivery,robot delivery
robot dogs,robot dogs
robotic arms,robotic arms
robotic bear,robotic bear
robotic claws,robotic claws
robotic dogs,robotic dogs
robotic wolves,robotic wolves
robotics,robotics
robots,robots
rocket,rocket
rocket design,rocket design
rocket launch,rocket launch
rocketpropelled grenade,rocket propelled grenade
rockets,rockets
rohypnol,rohypnol
roku player,roku player
rooftop solar,rooftop solar
rotary telephone,rotary telephone
roundup,roundup
roundup herbicide,roundup herbicide
routers,routers
rpg,rpg
rsv drug,rsv drug
rural broadband,rural broadband
samsung galaxy note 7,samsung galaxy note 7
sat,sat
satan 2 nuclear weapon,satan 2 nuclear weapon
satellite,satellite
satellite cameras,satellite cameras
satellite communications,satellite communications
satellite data,satellite data
satellite imagery,satellite imagery
satellite images,satellite images
satellite map,satellite map
satellite maps,satellite maps
satellite observation,satellite observation
satellite phones,satellite phones
satellites,satellites
save database,save database
scannable digital implants,scannable digital implants
scanner,scanner
scanning devices,scanning devices
scanning electron microscope,scanning electron microscope
scantron,scantron
school computer program,school computer program
school scheduling app,school scheduling app
school shooting panic button app,school shooting panic button app
scorecard,scorecard
screensaver,screensaver
scuba mask,scuba mask
scuba tank,scuba tank
search algorithms,search algorithms
search engine,search engine
search engines,search engines
search predictions,search predictions
searchable tool,searchable tool
seat belt,seat belt
seat belts,seat belts
security camera,security camera
security cameras,security cameras
security footage,security footage
segway,segway
seismic airgun blasting,seismic airgun blasting
seismograph,seismograph
selfdriving bicycle,self driving bicycle
selfdriving mode,self driving mode
selfie stick,selfie stick
selfpropelled artillery,self propelled artillery
selfrepossessing cars,self repossessing cars
selfserve kiosks,self serve kiosks
selfservice kiosks,self service kiosks
semiautomatic rifles,semi automatic rifles
semiautomatic weapons,semi automatic weapons
semiconductors,semiconductors
semitrucks,semitrucks
sensor,sensor
serums,serums
server,server
server management,server management
servers,servers
sewage systems,sewage systems
sewers,sewers
sewing machine,sewing machine
sex robot,sex robot
sex robots,sex robots
shale,shale
shopping cart,shopping cart
shortrange airtoair missile,short range air to air missile
signature verification systems,signature verification systems
silencer,silencer
silicone,silicone
silicone oil,silicone oil
silver solution,silver solution
sim card,sim card
sim swap,sim swap
simparica trio,simparica trio
simulation,simulation
siri,siri
slot machines,slot machines
small cell technology,small cell technology
smallpox vaccination,smallpox vaccination
smallpox vaccine,smallpox vaccine
smallpox vaccines,smallpox vaccines
smart car,smart car
smart cities,smart cities
smart city,smart city
smart contact lenses,smart contact lenses
smart dust,smart dust
smart engagement rings,smart engagement rings
smart guns,smart guns
smart island,smart island
smart plugs,smart plugs
smart speakers,smart speakers
smart trip checkin,smart trip checkin
smart tvs,smart tvs
smartcity,smart city
smartphone,smartphone
smartphone app,smartphone app
smartphone batteries,smartphone batteries
smartphone gun,smartphone gun
smartphones,smartphones
smartwatch,smartwatch
smoke detectors,smoke detectors
sms,sms
snap map,snap map
snapchat,snapchat
snapchat crying filter,snapchat crying filter
snipergun mounted drones,sniper gun mounted drones
snow plows,snow plows
snow white worm,snow white worm
sober k computer virus,sober k computer virus
soberc virus,soberc virus
sobern computer virus,sobern computer virus
soberx virus,soberx virus
sobigf worm,sobigf worm
social media,social media
social media algorithms,social media algorithms
social networking,social networking
sodium cyanide m44s,sodium cyanide m44s
software,software
software updates,software updates
solar,solar
solar energy,solar energy
solar farm,solar farm
solar panel,solar panel
solar panels,solar panels
solar parking meters,solar parking meters
solar plant,solar plant
solar power,solar power
solar system,solar system
solarheated water tank,solar heated water tank
solarwinds orion software,solarwinds orion software
sonic weapons,sonic weapons
sonogram,sonogram
sony psp,sony psp
sos distress signal,sos distress signal
sound recording technology,sound recording technology
soybean plastic,soybean plastic
soyuz rocket,soyuz rocket
space exploration,space exploration
space force,space force
space hotel,space hotel
space invaders,space invaders
space rockets,space rockets
space shuttle,space shuttle
space shuttle fuel tank,space shuttle fuel tank
space shuttles,space shuttles
space station,space station
space suits,space suits
space technology,space technology
space telescope,space telescope
space travel,space travel
spacebased laser generating system,space based laser generating system
spacecraft,spacecraft
spaceflight,spaceflight
spaceshuttle,space shuttle
spacex falcon heavy rocket boosters,spacex falcon heavy rocket boosters
spacex starship rocket,spacex starship rocket
special bracelets,special bracelets
special effects,special effects
special skis,special skis
spectral analysis,spectral analysis
speed camera,speed camera
speed governors,speed governors
speed limit cameras,speed limit cameras
speed trap camera,speed trap camera
sperm switch,sperm switch
spike proteins,spike proteins
spray flu vaccines,spray flu vaccines
spray foam insulation,spray foam insulation
sprinklers,sprinklers
sputnik 2,sputnik 2
spy cameras,spy cameras
spy plane,spy plane
spybot,spybot
spying apparatus,spying apparatus
stab protection vest,stab protection vest
starlink,starlink
starlink satellite constellation,starlink satellite constellation
starlink satellite internet,starlink satellite internet
stem cell research,stem cell research
stem cell therapy,stem cell therapy
stem cells,stem cells
sterilization equipment,sterilization equipment
stethoscope,stethoscope
stoves,stoves
streaming service,streaming service
streaming services,streaming services
streaming video,streaming video
streetcar,streetcar
streetcars,streetcars
stun gun,stun gun
stuxnet,stuxnet
styrofoam,styrofoam
submarine,submarine
submarines,submarines
submersible,submersible
suicide vests,suicide vests
sulfnbkexe,sulfnbkexe
sulfoxaflor,sulfoxaflor
sundimming technology,sundimming technology
super jelly,super jelly
supercomputer,supercomputer
supersonic travel,supersonic travel
surfacetoair missiles,surface to air missiles
surgical face masks,surgical face masks
surgical needles,surgical needles
surveillance balloons,surveillance balloons
surveillance camera,surveillance camera
surveillance cameras,surveillance cameras
surveillance footage,surveillance footage
surveillance system,surveillance system
surveillance video,surveillance video
sustainable technology,sustainable technology
suvs,suvs
swena worm,swena worm
swimming pools,swimming pools
synthetic fibers,synthetic fibers
synthetic marijuana,synthetic marijuana
synthetic meat,synthetic meat
synthetic oil,synthetic oil
synthetic plastic lettuce,synthetic plastic lettuce
synthetic thc,synthetic thc
tablet,tablet
tablets,tablets
tactical nuclear bomb,tactical nuclear bomb
tactical nuclear weapon,tactical nuclear weapon
tamperproof photoid card,tamper proof photo id card
tank,tank
tanks,tanks
tanning beds,tanning beds
tape,tape
tape recorder,tape recorder
taser,taser
taser stun gun,taser stun gun
tattoo ink,tattoo ink
tdap vaccine,tdap vaccine
tear gas,tear gas
teargas,teargas
technological innovations,technological innovations
telecommunications,telecommunications
telegram,telegram
telephone,telephone
telephone answering system,telephone answering system
telephone service,telephone service
teleprompter,teleprompter
teleprompters,teleprompters
telescope,telescope
television,television
television service,television service
television sets,television sets
temperature data,temperature data
tesla,tesla
tesla cybertruck,tesla cybertruck
tesla phone,tesla phone
tesla water engine,tesla water engine
testing capacity,testing capacity
testing kits,testing kits
tetanus vaccine,tetanus vaccine
tetanus vaccines,tetanus vaccines
tetris,tetris
text messages,text messages
text messaging,text messaging
texting,texting
texting app,texting app
thalidomide,thalidomide
thermography,thermography
thermostats,thermostats
threads,threads
thumbprint,thumbprint
tiktok,tiktok
time clock,time clock
timelapse,timelapse
tip jar,tip jar
toilet replacement program,toilet replacement program
toll collection machines,toll collection machines
tomahawk cruise missile,tomahawk cruise missile
tomahawk missile,tomahawk missile
touchscreen voting machines,touchscreen voting machines
tracking bracelets,tracking bracelets
tracking chip,tracking chip
tracking chips,tracking chips
tracking devices,tracking devices
tracking microchips,tracking microchips
tracking technology,tracking technology
traffic camera,traffic camera
traffic cameras,traffic cameras
traffic signal,traffic signal
traffic speed measurement unit,traffic speed measurement unit
trail camera,trail camera
trail cameras,trail cameras
transatlantic tunnel,transatlantic tunnel
transmitters,transmitters
transparent solar panels,transparent solar panels
transvaginal sonogram,transvaginal sonogram
transvaginal ultrasound,transvaginal ultrasound
treadmills,treadmills
treatment,treatment
treatment plant,treatment plant
trial vaccine,trial vaccine
triclosan,triclosan
trojan,trojan
truth social,truth social
truvada,truvada
tu160 supersonic nuclear bombers,tu 160 supersonic nuclear bombers
turing test,turing test
turret,turret
tv broadcasting,tv broadcasting
tv cameras,tv cameras
tv frog,tv frog
twitter,twitter
twitter blue,twitter blue
twitter blue verification system,twitter blue verification system
ufo fighter jet,ufo fighter jet
ulez cameras,ulez cameras
ultrasound,ultrasound
ultrasounds,ultrasounds
ultrathin wire,ultrathin wire
ultraviolet light,ultraviolet light
ultraviolet radiation,ultraviolet radiation
unemployment system,unemployment system
untethered spacewalk,untethered spacewalk
uranium enrichment,uranium enrichment
uranium mining,uranium mining
urinalysis,urinalysis
urination device,urination device
urinepowered generator,urine powered generator
ursnif malware,ursnif malware
usb ports,usb ports
uv light,uv light
uzi,uzi
vaccination,vaccination
vaccination manufacturing,vaccination manufacturing
vaccinations,vaccinations
vaccine,vaccine
vaccines,vaccines
vacuum chambers,vacuum chambers
vacuum cleaner,vacuum cleaner
vape,vape
vapes,vapes
vaping,vaping
vending machine,vending machine
vending machines,vending machines
venmo,venmo
ventilator,ventilator
ventilators,ventilators
vessel tracking apps,vessel tracking apps
vhs,vhs
vhs tapes,vhs tapes
vibration therapy,vibration therapy
vibrators,vibrators
video cameras,video cameras
video editing,video editing
video editing tool,video editing tool
video game,video game
video game controllers,video game controllers
video game simulations,video game simulations
video games,video games
video gaming,video gaming
video lottery games,video lottery games
videobased advertisements,video based advertisements
videotape,videotape
virtual reality,virtual reality
virtual school,virtual school
visible,visible
vision pro,vision pro
vision pro headset,vision pro headset
visual effects,visual effects
voice assistant,voice assistant
voice recognition,voice recognition
voicemail,voicemail
volkswagen xl1,volkswagen xl 1
votebymail,vote by mail
votebymail system,vote by mail system
voter scanning machines,voter scanning machines
votetabulation,vote tabulation
voting machine,voting machine
voting machines,voting machines
voting software,voting software
voting system,voting system
voting system technology,voting system technology
voting systems,voting systems
vpn,vpn
vpnfilter,vpnfilter
w32/vbsuna  massmailing worm,w32/vbsuna  mass mailing worm
walkietalkie cellphone app,walkie talkie cellphone app
warplane,warplane
warrantless wiretapping,warrantless wiretapping
warships,warships
wastetoenergy,waste to energy
water fluoridation,water fluoridation
water treatment plants,water treatment plants
waterefficient toilets,water efficient toilets
waterfueled car,water fueled car
waterpowered car engine,water powered car engine
waterpowered engine,water powered engine
waterpowered fuel cell,water powered fuel cell
weapons,weapons
weapons of mass destruction,weapons of mass destruction
wearable projectors,wearable projectors
weather manipulation,weather manipulation
weather modification,weather modification
weather modification patents,weather modification patents
web beacons,web beacons
web browser,web browser
web hosting,web hosting
web site,web site
webcam,webcam
website,website
website speed optimization,website speed optimization
wetted nitrocellulose,wetted nitrocellulose
whatsapp,whatsapp
wheelbarrow,wheelbarrow
whipped cream canister,whipped cream canister
white paint,white paint
white phosphorus,white phosphorus
wifi,wifi
wifi outlet adapters,wifi outlet adapters
wildlife overpass,wildlife overpass
wind energy,wind energy
wind farm,wind farm
wind machines,wind machines
wind power,wind power
wind tower generator,wind tower generator
wind turbine,wind turbine
wind turbines,wind turbines
windmill,windmill
windmills,windmills
windows,windows
wingdings font,wingdings font
wireless,wireless
wireless cameras,wireless cameras
wireless chargers,wireless chargers
wireless earbuds,wireless earbuds
wireless emergency alert system,wireless emergency alert system
wireless signals,wireless signals
wireless technologies,wireless technologies
wiretap,wiretap
wiretapping,wiretapping
wiretaps,wiretaps
wooden airplanes,wooden airplanes
world of warcraft,world of warcraft
world wide web,world wide web
worm,worm
wrench,wrench
wwii vintage bomber,wwii vintage bomber
xbox,xbox
xbox gaming console,xbox gaming console
xbox one,xbox one
xl1 model car,xl 1 model car
xray,xray
xray machines,xray machines
yellowcake uranium,yellowcake uranium
yelp,yelp
youtube,youtube
zafid virus,zafid virus
zeppelins,zeppelins
zerogravity pen,zero gravity pen
zeus computer virus,zeus computer virus
zinc,zinc
ziptie handcuffs,ziptie handcuffs
zithromax,zithromax
zoom,zoom
